ACCT_ID,ACCT_NM,ACCT_TYP,SIC_CD,REGION_CD,ANN_REV,CURR_CD,OWNER_UID,TEAM_CD,CRED_LIMIT,CRED_HOLD,CREATE_DT,UPD_DT,DEL_FLG
A00000001,Silverline Materials,C,6885,LAT,29068628.21,GBP,U0000006,T02,223382.74,N,20221008,20240513,N
A00000002,Vantage Energy,C,5593,APA,37385500.95,,U0000012,T04,161550.42,N,20230804,20250504,N
A00000003,Lakemont Medical,C,4128,APA,10417523.50,EUR,U0000009,T01,313157.20,N,20251124,20241113,N
A00000004,Lakemont Textiles,P,1683,EMA,52520770.95,EUR,U0000002,T03,338672.52,N,20210513,20240623,N
A00000005,Redwood Manufacturing,X,2844,EMA,6326786.62,GBP,U0000014,T03,283018.74,N,20240521,20251026,N
A00000006,Bluepeak Logistics,C,6205,APA,13443000.63,GBP,U0000009,T01,395850.24,N,20180209,20240217,N
A00000007,Vantage Analytics,R,7176,NAM,29403798.87,,U0000011,T01,293161.31,N,20201220,20250613,N
A00000008,Silverline Textiles,R,8261,LAT,23123782.12,,U0000013,T03,203379.88,N,20230616,20251014,N
A00000009,Bluepeak Systems,C,6903,NAM,51602009.44,,U0000005,T04,121971.82,N,20180907,20240525,N
A00000010,Halcyon Robotics,C,1724,LAT,41868056.29,GBP,U0000014,T03,484940.95,N,20200308,20250204,N
A00000011,Lakemont Medical,X,3939,APA,73391558.24,EUR,U0000016,T04,286695.84,N,20190319,20240707,N
A00000012,Brighthaven Robotics,R,3547,EMA,4688888.72,JPY,U0000003,T03,74841.57,N,20230118,20250927,N
A00000013,Duneside Foods,C,8750,APA,9652637.53,GBP,U0000016,T04,369352.79,N,20191017,20241003,N
A00000014,Bluepeak Materials,P,7483,LAT,8919022.64,,U0000007,T04,478857.24,N,20250207,20251002,N
A00000015,Stonefield Logistics,P,4608,APA,69115767.74,GBP,U0000003,T03,391121.74,N,20230605,20250420,N
A00000016,Vantage Foods,P,4618,LAT,32619583.06,GBP,U0000013,T03,447360.89,N,20210424,20250820,Y
A00000017,Bluepeak Energy,P,6046,LAT,12447180.21,EUR,U0000008,T04,137895.28,N,20250722,20241208,N
A00000018,Vantage Analytics,C,5477,EMA,83868267.77,EUR,U0000015,T02,59197.11,N,20210116,20250609,N
A00000019,Copperleaf Textiles,X,7515,NAM,56259890.92,,U0000007,T04,13435.83,N,20220606,20241122,N
A00000020,Duneside Robotics,R,6272,NAM,31930125.27,,U0000009,T01,400117.46,N,20210123,20240727,N
A00000021,Redwood Textiles,P,4685,LAT,58378161.64,,U0000013,T03,495136.90,N,20191208,20241104,N
A00000022,Northwind Foods,C,1348,APA,34701230.76,,U0000003,T03,283900.79,Y,20190918,20240313,N
A00000023,Cascade Robotics,X,4647,APA,688983.98,JPY,U0000007,T04,69921.80,N,20201127,20240115,N
A00000024,Crestway Energy,X,4968,NAM,43592133.66,JPY,U0000005,T04,262965.48,N,20251115,20240821,N
A00000025,Northwind Systems,X,2707,APA,37341203.99,JPY,U0000005,T04,491972.89,N,20180510,20240621,Y
A00000026,Stonefield Analytics,C,7549,LAT,87680390.87,JPY,U0000007,T04,72654.95,Y,20220626,20250918,N
A00000027,Halcyon Materials,R,1162,NAM,26346995.24,,U0000002,T03,364384.79,N,20190223,20250815,N
A00000028,Bluepeak Analytics,C,4765,EMA,47317030.89,,U0000005,T04,91025.05,N,20190406,20250923,N
A00000029,Halcyon Analytics,R,2911,EMA,80563982.40,,U0000006,T02,324342.13,N,20220318,20240905,N
A00000030,Ironbridge Foods,C,4033,LAT,3744107.06,JPY,U0000007,T04,181846.67,N,20240521,20241012,N
A00000031,Halcyon Medical,C,6922,EMA,3897599.58,,U0000007,T04,277815.96,N,20180106,20250418,N
A00000032,Crestway Foods,P,3958,APA,75819907.54,EUR,U0000015,T02,223482.31,N,20180401,20250424,N
A00000033,Halcyon Foods,C,4266,NAM,9355782.21,EUR,U0000007,T04,213830.44,N,20180303,20250624,N
A00000034,Bluepeak Foods,C,4449,EMA,87359998.02,JPY,U0000010,T01,58717.19,N,20240319,20251216,N
A00000035,Crestway Manufacturing,C,2478,EMA,17243049.17,,U0000005,T04,160451.03,N,20230201,20241001,N
A00000036,Brighthaven Robotics,C,5423,LAT,13933678.84,JPY,U0000012,T04,485717.82,N,20241210,20241111,N
A00000037,Northwind Robotics,P,7700,EMA,50067251.52,EUR,U0000016,T04,470826.74,N,20231008,20250201,N
A00000038,Bluepeak Holdings,R,7003,APA,1190516.29,,U0000006,T02,244932.83,Y,20220104,20240101,N
A00000039,Brighthaven Freight,R,5780,LAT,77753444.67,EUR,U0000003,T03,174329.90,N,20240626,20251119,Y
A00000040,Bluepeak Materials,X,8110,EMA,11371924.94,,U0000002,T03,112607.49,N,20240315,20251024,N
A00000041,Vantage Systems,C,1110,NAM,22339987.79,JPY,U0000004,T03,496194.20,N,20250122,20250902,N
A00000042,Cascade Holdings,P,1923,APA,85383002.95,,U0000010,T01,242543.38,N,20240703,20240326,N
A00000043,Halcyon Energy,C,1888,LAT,14592924.07,GBP,U0000016,T04,72499.12,N,20230410,20240216,N
A00000044,Northwind Textiles,X,4597,LAT,67031018.78,EUR,U0000005,T04,306511.15,N,20190521,20241006,N
A00000045,Silverline Analytics,P,8705,NAM,7813920.32,,U0000002,T03,156348.17,N,20231103,20250711,N
A00000046,Duneside Systems,R,5200,APA,22672004.35,JPY,U0000009,T01,154027.33,N,20210305,20240502,N
A00000047,Bluepeak Analytics,C,7872,EMA,76132126.46,JPY,U0000003,T03,9748.38,N,20220614,20250722,N
A00000048,Redwood Logistics,C,2987,NAM,54658505.80,JPY,U0000009,T01,219396.55,N,20230613,20250721,N
A00000049,Duneside Energy,X,6000,APA,88717946.62,,U0000005,T04,278132.92,N,20210319,20240324,N
A00000050,Bluepeak Analytics,X,6087,EMA,70316537.05,,U0000009,T01,77699.41,N,20200614,20241208,N
A00000051,Silverline Textiles,X,6041,EMA,1332027.39,GBP,U0000008,T04,232239.91,N,20231106,20240502,N
A00000052,Crestway Freight,C,3772,NAM,19120722.27,,U0000003,T03,144805.80,N,20250211,20240224,N
A00000053,Ironbridge Systems,C,6001,LAT,3215796.40,,U0000010,T01,341352.92,N,20220919,20240315,N
A00000054,Crestway Holdings,C,3399,APA,37597038.80,,U0000006,T02,318520.93,N,20230802,20250926,N
A00000055,Crestway Systems,R,2686,EMA,40244368.54,EUR,U0000012,T04,168005.35,N,20230714,20250907,N
A00000056,Northwind Energy,X,8883,LAT,28239208.78,GBP,U0000008,T04,135452.59,N,20210925,20250412,N
A00000057,Copperleaf Energy,C,3565,EMA,86552581.97,,U0000003,T03,144523.62,N,20190722,20251106,N
A00000058,Silverline Systems,X,6507,LAT,2066151.46,JPY,U0000011,T01,137661.08,N,20210224,20240126,N
A00000059,Redwood Systems,C,7643,EMA,4091760.06,GBP,U0000016,T04,187949.17,N,20240706,20240813,N
A00000060,Crestway Medical,R,5765,LAT,79302068.31,,U0000009,T01,307067.87,N,20250105,20240105,N
